{
  "drive": {
    "p": 0.003,
    "i": 0,
    "d": 0,
    "f": 0,
    "iz": 0
  },
  "angle": {
    "p": 0.014225,
    "i": 0,
    "d": 0.22325,
    "f": 0.00051,
    "iz": 0
  }
}