{
  "drive": {
    "p": 0.0020645,
    "i": 0,
    "d": 0,
    "f": 0.4,
    "iz": 0
  },
  "angle": {
    "p": 0.018,
    "i": 0,
    "d": 0.1875,
    "f": 0.00051,
    "iz": 0
  }
}